scenario,model,val_best_f1,test_acc,test_f1_macro
S3_max,distilbert,0.85431043411594,0.952802359882006,0.9281276732999564
S1_clean,distilbert,0.9489400686030236,0.9557522123893806,0.9317531226839104
S1_clean,distilbert,0.9789127223566768,0.976401179941003,0.9648346293083137
S2_clean75,distilbert,0.9789127223566769,0.976401179941003,0.9648346293083135
